AD,Andorra,EUR
AE,United Arab Emirates,AED
AF,Afghanistan,AFN
AG,Antigua And Barbuda,XCD
AI,Anguilla,XCD
AL,Albania,ALL
AM,Armenia,AMD
AN,Netherlands Antilles,ANG
AO,Angola,AOA
AQ,Antartica,USD
AR,Argentina,ARS
AS,"Samoa, American",USD
AT,Austria,EUR
AU,Australia,AUD
AW,Aruba,AWG
AX,Aland Islands,EUR
AZ,Azerbaijan,AZN
BA,Bosnia Herzegowina,BAM
BB,Barbados,BBD
BD,Bangladesh,BDT
BE,Belgium,EUR
BF,Burkina Faso,XOF
BG,Bulgaria,BGN
BH,Bahrain,BHD
BI,Burundi,BIF
BJ,Benin,XOF
BL,St Barthelemy,EUR
BM,Bermuda,BMD
BN,Brunei,BND
BO,Bolivia,BOB
BQ,Bonaire,USD
BR,Brazil,BRL
BS,Bahamas,BSD
BT,Bhutan,INR
BV,Bouvet Island,NOK
BW,Botswana,BWP
BY,Belarus,BYN
BZ,Belize,BZD
CA,Canada,CAD
CC,Cocos Islands,AUD
CD,Congo Democratic Republic Of,CDF
CF,Central African Republic,XAF
CG,Congo,XAF
CH,Switzerland,CHF
CI,Ivory Coast,XOF
CK,Cook Islands,NZD
CL,Chile,CLP
CM,"Cameroon, Republic Of",XAF
CN,China,CNY
CO,Colombia,COP
CR,Costa Rica,CRC
CS,Serbia and Montenegro,CSD
CU,Cuba,CUP
CV,"Cape Verde, Republic Of",CVE
CW,Curacao,ANG
CX,Christmas Island,AUD
CY,Cyprus,EUR
CZ,Czech Republic,CZK
DE,Germany,EUR
DJ,Djibouti,DJF
DK,Denmark,DKK
DM,Dominica,XCD
DO,Dominican Republic,DOP
DZ,Algeria,DZD
EC,Ecuador,USD
EE,Estonia,EUR
EG,Egypt,EGP
EH,Western Sahara,MAD
ER,Eritrea,ETB
ES,Spain,EUR
ET,Ethiopia,ETB
FI,Finland,EUR
FJ,Fiji Islands,FJD
FK,Falkland Islands,GBP
FM,Micronesia,USD
FO,Faroe Islands,DKK
FR,France,EUR
GA,Gabon,XAF
GB,United Kingdom,GBP
GD,Grenada,XCD
GE,Georgia,GEL
GF,French Guiana,EUR
GG,Guernsey,GBP
GH,Ghana,GHS
GI,Gibraltar,GIP
GL,Greenland,DKK
GM,Gambia,GMD
GN,Guinea,GNF
GP,Guadeloupe,EUR
GQ,Equatorial Guinea,XAF
GR,Greece,EUR
GS,South Georgia And S Sandwich Island,GBP
GT,Guatemala,GTQ
GU,Guam,USD
GW,Guinea Bissau,GWP
GY,Guyana,GYD
HK,Hong Kong,HKD
HM,Heard Island And McDonald Islands,AUD
HN,Honduras,HNL
HR,Croatia,HRK
HT,Haiti,HTG
HU,Hungary,HUF
ID,Indonesia,IDR
IE,Ireland,EUR
IL,Israel,ILS
IM,Isle Of Man,GBP
IN,India,INR
IO,British Indian Ocean Territory,GBP
IQ,Iraq,IQD
IR,Iran Islamic Republic of,IRR
IS,Iceland,ISK
IT,Italy,EUR
JE,Jersey,GBP
JM,Jamaica,JMD
JO,Jordan,JOD
JP,Japan,JPY
KE,Kenya,KES
KG,Kyrgyzstan,KGS
KH,Cambodia,KHR
KI,Kiribati,AUD
KM,Comoros,KMF
KN,St. Kitts - Nevis,XCD
KP,"Korea, Democratic Peoples Republic",KPW
KR,"Korea, Republic Of",KRW
KW,Kuwait,KWD
KY,Cayman Islands,KYD
KZ,Kazakhstan,KZT
LA,"Lao, People's Dem. Rep.",LAK
LB,Lebanon,LBP
LC,Saint Lucia,XCD
LI,Liechtenstein,CHF
LK,Sri Lanka,LKR
LR,Liberia,LRD
LS,Lesotho,LSL
LT,Lithuania,EUR
LU,Luxembourg,EUR
LV,Latvia,EUR
LY,Libyan Arab Jamahiriya,LYD
MA,Morocco,MAD
MC,Monaco,EUR
MD,Moldova Republic Of,MDL
ME,Montenegro,EUR
MF,St Martin,EUR
MG,Madagascar (Malagasy),MGA
MH,Marshall Islands,USD
MK,North Macedonia Republic Of,MKD
ML,Mali,XOF
MM,Myanmar,MMK
MN,Mongolia,MNT
MO,Macau,MOP
MP,Northern Marianna Islands,USD
MQ,Martinique,EUR
MR,Mauritania,MRU
MS,Montserrat,XCD
MT,Malta,EUR
MU,Mauritius,MUR
MV,Maldives,MVR
MW,Malawi,MWK
MX,Mexico,MXN
MY,Malaysia,MYR
MZ,Mozambique,MZN
NA,Namibia,NAD
NC,New Caledonia,XPF
NE,Niger,XOF
NF,Norfolk Island,USD
NG,Nigeria,NGN
NI,Nicaragua,NIO
NL,Netherlands,EUR
NO,Norway,NOK
NP,Nepal,NPR
NR,Nauru,AUD
NU,Niue,PGK
NZ,New Zealand,NZD
OM,Oman,OMR
PA,Panama,PAB
PE,Peru,PEN
PF,French Polynesia,XPF
PG,Papua New Guinea,PGK
PH,Philippines,PHP
PK,Pakistan,PKR
PL,Poland,PLN
PM,St Pierre and Miquelon,EUR
PN,Pitcairn,NZD
PR,Puerto Rico,USD
PS,State of Palestine,PSZ
PT,Portugal,EUR
PW,Palau,USD
PY,Paraguay,PYG
QA,Qatar,QAR
RE,Reunion,EUR
RO,Romania,RON
RS,Serbia,RSD
RU,Russian Federation,RUB
RW,Rwanda,RWF
SA,Saudi Arabia,SAR
SB,Solomon Islands,SBD
SC,Seychelles,SCR
SD,Sudan,SDG
SE,Sweden,SEK
SG,Singapore,SGD
SH,Ascension Island/St. Helena,GBP
SI,Slovenia,EUR
SJ,Svalbard And Jan Mayen Is,NOK
SK,Slovakia,EUR
SL,Sierra Leone,SLL
SM,San Marino,EUR
SN,Senegal,XOF
SO,Somalia,SIT
SR,Suriname,SRD
SS,South Sudan,SSP
ST,Sao Tome and Principe,STN
SV,El Salvador,SVC
SX,St Maarten,ANG
SY,Syrian Arab Republic,SYP
SZ,ESWATINI,SZL
TC,Turks And Caicos Islands,USD
TD,Chad,XAF
TF,French Southern Territories,EUR
TG,Togo,XOF
TH,Thailand,THB
TJ,Tajikistan,TJS
TK,Tokelau,NZD
TL,Timor Leste,IDR
TM,Turkmenistan,TMM
TN,Tunisia,TND
TO,Tonga,TOP
TR,Turkey,TRY
TT,Trinidad and Tobago,TTD
TV,Tuvalu,AUD
TW,Taiwan,TWD
TZ,Tanzania United Republic Of,TZS
UA,Ukraine,UAH
UG,Uganda,UGX
UM,United States Minor Outlying Islnds,USD
US,United States,USD
UY,Uruguay,UYU
UZ,Uzbekistan,UZS
VA,Vatican City State,EUR
VC,Saint Vincent And The Grenadines,XCD
VE,Venezuela,VES
VG,British Virgin Islands,USD
VI,Us Virgin Isalnds,USD
VN,Vietnam,VND
VU,Vanuatu,VUV
WF,Wallis and Futuna Islands,USD
WS,Samoa,WST
XK,Kosovo,EUR
YE,Yemen,YER
YT,Mayotte,EUR
ZA,South Africa,ZAR
ZM,Zambia,ZMK
ZW,Zimbabwe,USD
